RFM_Segment,ChurnBinary
At-Risk Newbies,48.71287128712871
Average Customers,44.06065711878686
Champions,16.906474820143885
High Spenders,27.67857142857143
Lost Customers,7.616892911010558
Loyal Customers,29.222972972972972
